dslf_fa13,fa_atr,fa_dun,fa_elec,fa_intra_rep,fa_intra_sol_xover4,fa_rep,fa_sol,hbond_bb_sc,hbond_lr_bb,hbond_sc,hbond_sr_bb,lk_ball_wtd,omega,p_aa_pp,pro_close,rama_prepro,ref,time
0.22972972972972974,0.7408166370618869,0.18802327093309712,0.730204770357053,0.22044946006420857,0.21635776780820526,0.22291437140211226,0.253538088191355,0.7865445121987213,0.7146218019161417,0.7814728916141126,0.7251174478313123,0.8040548990183205,0.22792730222924265,0.6241634451510996,0.05763426634142308,0.34487641497435034,0.4860330004201816,0.0
0.22972972972972974,0.6863174295410155,0.30559335386378295,0.7206131429862851,0.29399747057106723,0.2710511357869308,0.28853235241314373,0.2957475303079851,0.7754644250692135,0.8593230045349718,0.7999237502184239,0.5949278924942643,0.6604608266116425,0.10871475897505241,0.6993044297571047,0.18175052714267995,0.5255267732225379,0.59493681114451,1.0
0.22972972972972974,0.7099039043472908,0.22389824981278542,0.7595579814477649,0.2315400330771476,0.23806357970808545,0.16117116290964417,0.2944582793204612,0.5557103475145067,0.759311138283108,0.8051818080729456,0.7291407188899814,0.6712077158756956,0.2421005402548233,0.6463260866553048,0.010170752883780543,0.0483401873913597,0.41568489608584624,0.0
0.22972972972972974,0.6066413739987064,0.3038585331969582,0.6117736607018158,0.32512890358984337,0.3696078033332657,0.30533207446279503,0.3756740335911051,0.49921193839542377,0.6141559225494899,0.6055662340550587,0.5835163334425872,0.6157850309510411,0.3276685453684981,0.5242271826633966,0.10646214908835323,0.4265146055030314,0.7144986909725588,0.0
0.22972972972972974,0.8439235776123247,0.15096555459678807,0.8542680805572271,0.15448973635567664,0.16392785367735124,0.1412147928482032,0.14892789840325796,0.819058694356062,0.6799052763546873,0.9271179171101332,0.9164099202447286,0.807040580253861,0.1146458841678908,0.7040985991603276,0.025923016496465046,0.30651630135243996,0.2659709428229742,0.0
0.22972972972972974,0.7775351074300627,0.169938721544943,0.7720577592577074,0.2053701721957389,0.18013743123363313,0.16396229071384935,0.20726768191260855,0.7285053983695684,0.7873361296413811,0.8512970405553526,0.7436168469354312,0.750969174013631,0.21605275935611953,0.7198459214920121,0.013809070988547566,0.2844024250646543,0.6220950903390542,0.0
0.22972972972972974,0.8090418610561443,0.1473589354389444,0.8175159405495585,0.22268703181243316,0.14532794705751,0.17941488351788015,0.16970207244743596,0.7859423977143262,0.6846982102596644,0.8249908659115821,0.8689254889107397,0.7920027512036516,0.1165819509406826,0.6966579373986782,0.041509902013478324,0.5072115996099547,0.4785020524257409,0.0
0.22972972972972974,0.7292809711691381,0.19384030888847015,0.7231029412884991,0.22190874598696375,0.23341487180528203,0.19373991751900896,0.2554707883487471,0.7495498899074986,0.7222884324681287,0.688329017807501,0.6842100950508032,0.6795785656224598,0.18253114609006707,0.6822962131604107,0.03253814032331418,0.2626870733878832,0.47630417919131185,0.0
0.22972972972972974,0.6626060496995692,0.33451931561150866,0.6471983738227101,0.3329117618445374,0.3077332981466068,0.288364445604006,0.3401158208505763,0.6042750128392058,0.49403849824843793,0.6799494845197058,0.7308915109800067,0.6781326205214782,0.053472320391392804,0.5142162364384587,0.11932029602679126,0.16067325221520334,0.3406905523772584,0.0
0.22972972972972974,0.51424702569885,0.5359038346142266,0.5148403913592191,0.5063722151960307,0.48928665678731653,0.4770516597588083,0.4657563292107102,0.5092294705524695,-0.0805357354754499,0.32325141776937627,0.8780099420954879,0.6260864128056024,0.2012894819331166,0.3883762175943246,0.1428866746599413,0.6123542629414509,0.2952664921296745,0.0
0.22972972972972974,0.7867954078988717,0.21685675526651924,0.7874701313079756,0.2350423192917599,0.22168652686709567,0.1894557107043174,0.2228666189863382,0.755234559010171,0.8169966000608789,0.7815523184699211,0.7481399541134055,0.7647408241105483,0.027565903098321465,0.7459990855052584,0.04965477322528631,0.29089752829948706,0.3613804583212126,0.0
0.22972972972972974,0.7684349092245437,0.2096108369623186,0.7776899598026443,0.23844731977818856,0.20949128113517795,0.19829148363748142,0.21127159436587908,0.8490050353299528,0.7803247225618721,0.8617734428364919,0.7139680978914018,0.7361580066278997,0.07226753369678121,0.7457566058389105,0.09765576549386035,0.7103065247805995,0.39354455541549493,0.0
0.22972972972972974,0.9078079906371763,0.130589929418178,0.9090887160461849,0.10292830041832864,0.10686445666957635,0.09810794857918549,0.08341724443775247,0.9555084620697389,0.7276798382062353,0.9504694127178281,0.9759750901343823,0.9116332145313575,0.02425307773154437,0.8875240747668732,0.036589903667259276,0.4269046508670031,0.14780293480720127,0.0
0.22972972972972974,0.7654386323692842,0.18698168321409775,0.7863299788982927,0.21753088821869837,0.17662045025476542,0.198659587026745,0.2040016186216778,0.74940231282799,0.7132907180114225,0.9019793172467475,0.7992379547689283,0.7620365159757394,0.04708022691931827,0.6425918997935459,0.04312233844627279,0.22890575316911863,0.5060562720191344,0.0
0.22972972972972974,0.9190012506748392,0.08180148784339195,0.9188365112859852,0.0645977235139605,0.08563062057205496,0.0718912377185856,0.08247148002719662,0.8954032691274652,0.8563925562486133,0.9262203936394974,0.9183737572380641,0.9046614143687863,0.014406795287060315,0.8727813110529161,0.008599660974903875,0.3681349896129224,0.06344742881153236,0.0
0.22972972972972974,0.6687736870576543,0.32317518768395537,0.7233682997001067,0.4076272010896002,0.3113162542376322,0.3161439813804265,0.32734594274125817,0.4920751108303867,0.8056565906710622,0.6370828104398659,0.7220364907680543,0.5513115112861877,0.43232063724254927,0.6200343628327167,0.1148550874436681,0.8664688175690001,0.4517639548789553,0.0
0.22972972972972974,0.93155167972905,0.051902079629311586,0.9131097212593986,0.07267243895320558,0.07303952416719109,0.04700486542269247,0.07820907039827973,0.9285372750187422,1.0002373250372754,0.8720274499213674,0.8751010597618268,0.9443428374914025,0.040257896386623325,0.9515387066827397,0.007731425972629925,0.4173739771908255,0.05030867190277643,0.0
0.22972972972972974,0.7060757094181827,0.24933023406520285,0.7147479602952714,0.28563089794727115,0.2426666125332413,0.2738056336609238,0.2827088621889505,0.713257734514737,0.7331744287431574,0.7145081094819781,0.7410275319567357,0.7289204652035266,0.22095131560346895,0.7166867578390212,0.06313308802249142,0.5867554161190487,0.4515094217654093,1.0
0.22972972972972974,0.8756842927766805,0.14885804299713043,0.8691084719164462,0.2538184648312093,0.11371571831672116,0.11117368151178125,0.12015972125829016,0.904995779295526,0.6820412016901669,0.8752680656383536,0.904886376051568,0.8750156318389295,0.2533543125119084,0.8176622188967868,0.10704097242320255,0.4196294569042269,0.27655224797181543,0.0
0.22972972972972974,0.7465837480138384,0.26862672430396844,0.75061832318877,0.27249732464247495,0.23244554515742671,0.25265454207292576,0.23111235540038538,0.8364491774053587,0.728366017118358,0.786119362678909,0.7769419862340218,0.7549631088601263,0.06907763320446708,0.7019786340773996,0.05994955968082028,0.6347394751346082,0.3853954555738711,0.0
0.22972972972972974,0.710253710645212,0.2214110940912495,0.6936925956115558,0.24194960599280085,0.21980877367491525,0.22928320583179093,0.280369742126276,0.7524719160817694,0.7033179072059104,0.6993375800225572,0.6645089041844205,0.717688988932658,0.34924186083674963,0.7204625126435826,0.09930954645057263,0.5274600415483106,0.5568255276511845,0.0
0.22972972972972974,0.701406210487727,0.26907103308396885,0.6938690780001371,0.3098550442650063,0.2779886725807434,0.2621490263342456,0.29939442845950975,0.7692720908130315,0.7061193744937495,0.7747295515559721,0.6675024582104229,0.5985665603701619,0.2119470685490563,0.7280971581383104,0.1183693719766817,0.46256836392928313,0.3406663111283493,0.0
0.22972972972972974,0.868851337557843,0.09560148214177694,0.8641193528809796,0.11090573012938999,0.11573557175047199,0.1062010567796249,0.12488324985354768,0.8463840663978796,0.7795611550506378,0.8382392654604375,0.9003523434939366,0.883378665666229,0.04138880523168266,0.8577891396821439,0.045065531070409726,0.3789714673337008,0.22190843272245386,0.0
0.22972972972972974,0.8323796087837119,0.13848179898469534,0.8210722511280906,0.1509874501410643,0.173539920017864,0.13403354778046572,0.17514315861786647,0.7739768481077667,0.8550356761441903,0.8151022223634256,0.8257675079209004,0.8167245044707059,0.019170134172500478,0.8320308711255214,0.04155124653739613,0.18745919362360627,0.1675029897540321,0.0
0.22972972972972974,0.7420373491324966,0.21251866062110056,0.7625492944513428,0.23017803288257616,0.23292259596841314,0.21762530691427326,0.2448329972968077,0.7410081285455392,0.7819859978228006,0.7725453130212387,0.7212662515022399,0.7013224535734384,0.06322640918002963,0.6551523465103712,0.054905527762847815,0.4775003179717642,0.2610822909596302,0.0
0.22972972972972974,0.841278912041044,0.11334671590451603,0.8415645227230597,0.16100788014398287,0.11760317492539736,0.1455907026125008,0.14010194022863032,0.8207705884783622,0.7618855990135532,0.9005972899556798,0.8760925379656944,0.7980053773525917,0.030073570537366097,0.768667470313561,0.06635796088808038,0.22960953067367623,0.2755987588480558,0.0
0.22972972972972974,0.6208115975408148,0.3931458243666167,0.6385031246270381,0.3622920517560074,0.3564432309534926,0.38758832866853776,0.3681743806066538,0.7135883071728363,0.4146481140398395,0.7011723403917333,0.7245766415382936,0.6254611392484211,0.48462517132654376,0.48258303196574803,0.19758547980320007,0.6155000635943528,0.4099154788454701,0.0
0.22972972972972974,0.6881944345420903,0.20535409462873103,0.7007290373203117,0.23552874793267825,0.23503379955745923,0.2300994912423683,0.2929367043639264,0.6831165917958949,0.728071940441734,0.691537862782164,0.6249371790669727,0.6372319139623586,0.2675152580500427,0.6428828753931635,0.0565179641956423,0.5559587908593717,0.5671886615598435,0.0
0.08218101822752985,0.952989499132614,0.027615980931574365,0.9530137859408288,0.03181243311606187,0.04293964799740159,0.04407941217117711,0.03695745001211614,0.9831230851873933,0.9172199951503144,0.9232577719178409,0.9481618048727194,0.9462186581629463,0.009127171928875669,0.9137257347133891,0.02058957291106793,0.254123033874592,0.10914218300526841,0.0
0.22972972972972974,0.6598767302821968,0.29140119970323797,0.6826757777286843,0.3131627590232513,0.3112807291772396,0.24914270658026783,0.33411068737310406,0.5754738700023021,0.704886316147905,0.5643754666327779,0.6406697257729708,0.5725708122303508,0.16393261258381941,0.5566016821160855,0.07623930210443626,0.23293339551447836,0.4149859400756326,0.0
0.22972972972972974,0.7126278088064908,0.26971628902738104,0.7390701536539472,0.2892304698900671,0.24486409126895514,0.31682077498033556,0.2686729654890096,0.8172405447365159,0.5780206060043234,0.8841877015456466,0.7470201026985689,0.7206824860876633,0.48888451822668577,0.7075833783652714,0.09984702526150412,0.6781616992411075,0.587510908562009,0.0
0.22972972972972974,0.7716930895567298,0.16930459070400344,0.7811605685018295,0.1980737425819632,0.18917602159923674,0.19751136277041068,0.2135042571161714,0.6459684893419833,0.7834409034860983,0.7990579974901113,0.7902190538621219,0.7502813731007316,0.15471939324281966,0.7187305150268114,0.0419646917765742,0.3981091279094417,0.34735689582727297,0.0
0.22972972972972974,0.5286212126654428,0.3873684195888024,0.572973563192122,0.45802120828874404,0.4228649438704046,0.31651725113304807,0.47678201306660584,0.4821520280042265,0.4087975359470042,0.6876618322187098,0.5838987217305802,0.6024276245857563,0.2133791433365499,0.4928780257998365,0.030884359366601898,0.3480137363802095,0.7978764665955589,0.0
0.22972972972972974,0.4395323353324756,0.6898189320040691,0.49893285289494593,0.5815740830820119,0.5874373236434501,0.5376208121781517,0.5612938268874705,0.5178892935780357,0.3966630036063087,0.39464027577004346,0.6119387086201247,0.25731570061902076,0.11811851187146975,0.448157847334802,0.1342870136850374,0.5516682918556832,0.46912876951420535,1.0
0.22972972972972974,0.2529245737841298,0.6302196721015111,0.2752903071809286,0.7038622434088919,0.6835376870140679,0.5607635368406912,0.7187403688481201,0.3636417300756184,0.3458135347500605,0.36935870756620226,0.24791598383043822,0.08413055711873929,0.7426506290680451,0.09253716866885586,0.13627155083309214,0.16151269767244675,0.9103194996606224,1.0
0.22972972972972974,0.7361422646690765,0.286102869650651,0.7282171215849387,0.2390310341472906,0.23557175047197576,0.2284682120120531,0.256605352744246,0.7366516531584446,0.7618288473742048,0.7667392098616383,0.7022041953457884,0.6946789220283873,0.17304134578152564,0.6471643735018221,0.08785711332534006,0.47911137490990807,0.4148122111251171,0.0
0.22972972972972974,0.8290508534966822,0.1302937235648444,0.8159326776822148,0.14602587800369682,0.1451300217210369,0.12813485241637274,0.1781933664742985,0.8820918165557871,0.8632079122103731,0.846602913377071,0.7488528351360211,0.7776683549052711,0.017891715478085574,0.8038062379626166,0.028858477694629348,0.40108534362148646,0.38526616891302234,0.0
0.22972972972972974,0.9365534765926701,0.061049695137426314,0.936649805615441,0.053799007685572525,0.059276100769371315,0.060884300584186535,0.056918490164755926,0.9431828243891784,0.8191583215960624,0.9337103461422376,0.9665000546268984,0.9367926592884387,0.02211418491588865,0.9286624821604246,0.01786083433249266,0.3929961419425956,0.08207278839005784,0.0
0.22972972972972974,0.7998030399214181,0.1329359354020925,0.7909172513439323,0.19019359859908552,0.13235622500558253,0.17914106625990164,0.18205670822226874,0.8156349061114619,0.8022618107900343,0.844617241981859,0.7425406970392222,0.7955355468017258,0.03700653345707771,0.7637070291391279,0.06255426468764212,0.31802263958960447,0.5279420795759396,0.0
0.22972972972972974,0.8974273353225483,0.1518242734438937,0.9366053676039278,0.15818659402665625,0.13284850084245142,0.16866238977886672,0.09892619273361206,0.9077820345566489,0.8336970597491576,0.9624469825737478,0.9675079209002514,0.8663477771525042,0.14032489044320565,0.915755635920245,0.01306486955802704,0.6880908975282995,0.16109925983386664,0.0
0.22972972972972974,0.572761244205769,0.36273118484427297,0.5444278542534795,0.3940071991438856,0.40914212054160487,0.32983226109767133,0.43935873879257414,0.5472217139011706,0.5026905436291125,0.4879986020873378,0.6245302086747515,0.6055227286938034,0.3041284319088389,0.5388036746061438,0.039566709389341384,0.7514223936914403,0.49551940915995984,0.0
0.22972972972972974,0.838734423195948,0.16431359160722273,0.8415004050207334,0.1665531666504524,0.18270538559915556,0.1510928795888608,0.15149757794910282,0.8353098823515521,0.7399072368658648,0.820900382837445,0.8788566590189011,0.8370380791596324,0.04373667033392543,0.795374873564174,0.036713937239012694,0.5541018357569849,0.17892061799023884,0.0
0.22972972972972974,0.8942444229089552,0.10436667225239521,0.8968574707915298,0.09553458507636929,0.1180650007105012,0.07104007935534117,0.10054893154500735,0.910042915414721,0.8804965252518998,0.8594541786468841,0.8809570632579483,0.8219768023510285,0.04193582092304289,0.8648210500062352,0.025220159589862325,0.2615084580489253,0.12045880603768705,1.0
0.22972972972972974,0.6597583231968325,0.3526671390199759,0.6643095475702565,0.35499562214223174,0.3284850084245143,0.32690034989195843,0.3092570220654836,0.7218585267084998,0.2263306969617236,0.7423551651284332,0.7892221129684258,0.7679844306884261,0.04701876448208677,0.565358662066481,0.12163558936618846,0.5771823462076568,0.4544304922589611,0.0
0.22972972972972974,0.19791238922574927,0.8014572493601329,0.20429550515861827,0.730226675746668,0.7244270315259536,0.6293457188284238,0.7871015496890975,0.05934959829518949,0.45847585733669705,0.007847373353878417,0.18650169343384682,0.29492590508347394,0.6838372228812362,0.23077829044907228,0.09591929548931244,0.47104761097214576,0.8279356152428973,1.0
0.22972972972972974,0.8583903603636613,0.09449105785122819,0.8469561231770892,0.1112948730421247,0.10463145287346988,0.10477901526531214,0.12794080973431549,0.8723989539736604,0.8407806961878375,0.8387158265952884,0.8486479842674535,0.8806196460951666,0.14341645103594938,0.8269318701417467,0.04787695869682061,0.34937889515411036,0.39806150812889873,0.0
0.22972972972972974,0.9250232256580934,0.07615202174401278,0.9177471451751745,0.06547329506761358,0.07939850997746696,0.07234975246661561,0.07278327643846769,0.9560633518886914,0.8590444055781701,0.8758478816857556,0.9335190647875015,0.9246701681985869,0.007725828359997787,0.9292513613501269,0.0332409972299169,0.2809089752829949,0.06844112608681599,0.0
0.22972972972972974,0.8489284429522425,0.18064663267484318,0.8360110409413748,0.17774102539157505,0.18069568218265974,0.13582627586572105,0.1797575831719809,0.9659746285484908,0.9151769361337686,0.9528522183920828,0.7148803670927566,0.7760739073344589,0.04135807401306692,0.8842887032187444,0.0326621738950676,0.3408063763937763,0.09881137076182164,1.0
0.22972972972972974,0.6823571096325066,0.23949981539283086,0.7104914336210376,0.27356746765249534,0.27459856681756356,0.18865363279297476,0.3092011466805316,0.5776521076958495,0.647293720689068,0.7117440548998427,0.7203649076805421,0.6596245232289126,0.2497034437403581,0.6657244599631431,0.03303427461032787,0.2569466231398652,0.38194511781246965,0.0
0.22972972972972974,0.26880899258493673,0.8550774620025603,0.24713501791486692,0.7288646755520966,0.7300399910679848,0.6220663128568826,0.8130433145984148,0.4791709709981522,0.5856459626367843,0.12849676732696858,0.06459630722167609,0.26251328706308996,1.027879361528202,0.40331296504136005,0.1872493488237483,1.263441726374698,0.5168153463266427,0.0
0.22972972972972974,0.5709972313318865,0.38452873718266517,0.5699251156023127,0.42212277458896785,0.4386938957796228,0.3121852554572942,0.4436879048024599,0.5467730795794643,0.5681819354372712,0.46612444599768077,0.4988555664809353,0.5010707809666729,0.09031905151166865,0.5736098987127793,0.0408070451068756,0.5443083054224785,0.5291501018132454,1.0
0.22972972972972974,0.8319516465895059,0.13064694556835021,0.8305661148735294,0.12258001751143106,0.156411765900002,0.1313367061075456,0.15399520765645697,0.8323524376781992,0.7783745298642603,0.8925990055757653,0.8472222222222223,0.8112846245232289,0.12929852920387708,0.789596929514625,0.04088973415471121,0.27076779581973126,0.24701024596787224,0.0
0.22972972972972974,0.6330472370266176,0.29729819933263296,0.6159559124139489,0.3206537600933943,0.316076612330241,0.2682285444158716,0.3439779862746528,0.6015123699108043,0.4131209790173711,0.48984924782767547,0.7294630175898613,0.6752407303195147,0.28594784297576537,0.4696207618018319,0.10315458717492869,0.27874676728706493,0.6025647241345873,0.0
0.22972972972972974,0.7259884961018619,0.28437152557834894,0.7351126313143239,0.3451697635956805,0.24816284687683965,0.2850024346487325,0.24664865322677404,0.7871702390158379,0.5898146285089281,0.8050229543613286,0.750600895881132,0.7413086975551804,0.20523537040337803,0.6313269872940656,0.42291313515524875,1.0018908720905584,0.5287743624551536,0.0
0.22972972972972974,0.8042111768707643,0.17515639460460344,0.817809231425546,0.18610759801537113,0.1985394125170013,0.1707328098946191,0.18220286646606426,0.7432335909045293,0.6845898662209082,0.8598513129259265,0.8656915765322846,0.7926983680360158,0.04636726264743303,0.7304457469066523,0.09674618596766858,0.338169330563446,0.2007094605514076,0.0
0.22972972972972974,0.8112845562324453,0.1702655214300763,0.8161942271214071,0.1872750267535752,0.18261911045248774,0.14632820098186736,0.1806245338816571,0.8213077690477736,0.8048311122805387,0.8518768566027546,0.7696438326231838,0.8155052210342024,0.046545503715404335,0.7068628673566946,0.06205813040062844,0.19382710815279608,0.37582824267106235,0.0
0.22972972972972974,0.7339318787432025,0.22711270910846906,0.7642081019382589,0.24506274929467847,0.25576013479222914,0.2328376638221531,0.2364887437566609,0.7355890981859825,0.7529343177163139,0.7616558910898954,0.752605703048181,0.6908725692490465,0.028352622294884486,0.6733798894292722,0.05523628395419027,0.34448636961037865,0.3123080901128025,0.0
0.22972972972972974,0.8187548520281456,0.14752094474370198,0.8018242438554926,0.1592567370366767,0.16261342644282495,0.15234959747571486,0.17981845793348122,0.7685046899995867,0.7532387128728195,0.8555384346555257,0.8385802469135804,0.8069311573813543,0.11336131922975275,0.749622424519544,0.016207053375780378,0.3677364650019079,0.27813600956721285,0.0
0.22972972972972974,0.7640237037989,0.17091564460582026,0.7470118611401015,0.17968673995524853,0.19620490854834455,0.15758570673913352,0.23211634784368068,0.6813456668417914,0.78659319908991,0.7946815777350638,0.7266360756036273,0.7600043769149003,0.07133945089458578,0.6565448725942553,0.03328234175383471,0.16298808665790482,0.44333608067487634,0.0
0.22972972972972974,0.9025276844249016,0.08543452911960805,0.891006254332706,0.09388072769724683,0.08756927386776557,0.06147068282532912,0.09625005587538496,0.9253968347667987,0.8473226124327363,0.9421295928579372,0.8778433300557196,0.894125554930282,0.09612110558632093,0.8559878621607018,0.0036796626286848305,0.27489718912960537,0.261304502407964,0.0
0.22972972972972974,0.5650375283676121,0.404943995538834,0.5771443879870087,0.4263060609008658,0.3715718316721139,0.467863282526455,0.39307686335586384,0.5671032980525728,0.45459094966129576,0.7910914838525203,0.6111438872500821,0.6314246858000374,0.18370507864118849,0.37970930152000115,0.09753173192210692,0.4331453766905499,0.9179999353566695,0.0
0.22972972972972974,0.6868434024781376,0.2285353315871558,0.6757307513578986,0.2640334662904952,0.2696910334747569,0.24294694532308497,0.2826526927230251,0.6625443469123923,0.2632450587379467,0.7560960111833013,0.8335818857205288,0.6073203901706996,0.33735502547618024,0.38352662426736506,0.047546202505478155,0.3430703353542206,0.4465116842819742,0.0
0.22972972972972974,0.747483533563445,0.17627863931652932,0.6906765242872777,0.19797645685377957,0.20920708065203708,0.2057465459631974,0.24231184111157905,0.6297232044296736,0.41610301970313723,0.7759050690219377,0.8695810116901563,0.9029262802476083,0.1777800996920732,0.6387052971415111,0.038863852482738666,0.3215330478653496,0.550829858754323,0.0
0.22972972972972974,0.9728593271481274,0.030722665797054495,0.9692241377121279,0.038136005448000776,0.041772396013073226,0.020138484369813456,0.02579501850357485,0.986127754526189,0.8608346618376179,0.9899763307969691,1.0076641538293456,0.9549255924466955,0.08428344017553673,0.8713610730071636,0.0008268904783561419,0.3403993725357189,0.13821148065548336,0.0
0.22972972972972974,0.7625448787220843,0.17502011209931378,0.771769547011607,0.22414631773518823,0.18897809626276363,0.22612268304748273,0.21650535345004035,0.829884948908815,0.6842699933445804,0.8904465377833553,0.7532339123784553,0.7377290064403176,0.05454791304294381,0.6292763021158083,0.03778889486087568,0.2727688981218468,0.5132276414880894,0.0
0.22972972972972974,0.749508186424014,0.24862379005819127,0.7505707110335773,0.2783344683334955,0.20508617364649517,0.23885001918012394,0.23216575344721718,0.7396740317467813,0.6800136203934435,0.8221791552159616,0.7581230197749373,0.7538845119739885,0.06021474975568681,0.7088096326779455,0.12213172365320213,0.5041845084156528,0.5003312970684249,0.0
0.22972972972972974,0.6514133311577235,0.2684820979718243,0.6368354295378191,0.3084930440704349,0.316462312985932,0.29698710604864903,0.34531723102766004,0.5283200415577054,0.6758707507210037,0.5283077314101444,0.6875368731563423,0.6753345213530919,0.08251946822699308,0.5802192016183787,0.09889610121139455,0.369703650315852,0.4208321212708878,0.0
-0.6194217473287241,0.7694038257401481,0.17307460980441375,0.7704281538926427,0.19068002724000388,0.22514768275106067,0.19220938237417642,0.23581265159874182,0.7480091851974285,0.7393345612324391,0.8095899985703165,0.7806484212826397,0.7525792534233727,0.026551772884001942,0.685088193318646,0.07094720304295696,0.1322084198923136,0.2601813245418404,0.0
0.22972972972972974,0.6435784281784315,0.30418255180647336,0.6400597246874737,0.35071505010215004,0.3415734556748747,0.29415077256506067,0.3698944602202549,0.5235444472648063,0.7167267718119765,0.6468920271322139,0.6506964929531303,0.6353170136934909,0.21648914266046307,0.49371631264635385,0.07611526853268284,0.4453046169500149,0.5431009405604577,0.0
0.22972972972972974,0.7045055520468632,0.3729634978434685,0.7091900347124351,0.3735771962253137,0.2906914191754126,0.2942502250597038,0.27729159657736796,0.748410594853692,0.5596330748554121,0.7290352814093501,0.7883426199060419,0.7473504033014444,0.27519806270397845,0.5991118316221198,0.07371728614545003,0.44356637130622806,0.43532838811855584,0.0
0.22972972972972974,0.764031284740341,0.196209955715139,0.8199765367299209,0.20575931510847362,0.21555591644505795,0.16091413633257945,0.22749986472275224,0.7338831071468628,0.8070495854550707,0.8156582103540849,0.7466923413088606,0.7498280497717751,0.1949404121671041,0.7567443987197074,0.038450407243560594,0.3825497095857888,0.35034260965124914,1.0
0.22972972972972974,0.11716579645280523,0.7974904550097381,0.13111562262732757,0.8336414048059151,0.6886380706847202,0.7486577142200276,0.8598215987182775,0.13695152978400604,0.2101564797474036,0.2945465520801894,0.14178684584289314,-0.06377790283248919,0.3339622989410022,-0.2768632830361226,0.31479720511018316,0.5739856700724977,1.1658586250363618,0.0
0.22972972972972974,0.7404778411789158,0.20308318308650672,0.7539245112453561,0.1905827415118202,0.22960861533464605,0.18810083191365973,0.23104853982915075,0.8380725252799537,0.6592528388717773,0.8061667010849709,0.7377444553698242,0.7050350153192021,0.13085967510955682,0.6941292208781922,0.060487038491751764,0.4016280154322297,0.49587090726914246,0.0
0.22972972972972974,0.9287774161588489,0.03151880594275162,0.92672235384338,0.05535557933651132,0.05409451696067884,0.05814871118608078,0.05500637567550399,0.9809625567433871,0.8284810681690372,0.9495162904481264,0.9311236752977167,0.9403098230475834,0.07875796706842614,0.9249421512795999,0.017364700045478975,0.4415228727688982,0.2610903713759333,0.0
0.22972972972972974,0.7745126582769711,0.23628048886481542,0.7733286863869864,0.22638388948341276,0.2093796309453726,0.20998425550766622,0.2309535516747323,0.7826838957987756,0.7872381040825065,0.8617337294085876,0.7792226592374086,0.7488588757581442,0.22760769755563892,0.777466018206759,0.070078968040683,0.35232967312502655,0.4296963379553314,0.0
0.22972972972972974,0.6870820216349238,0.24965633863143163,0.6626932736086457,0.27736161105165874,0.2850632346074988,0.27322441778313933,0.32542088868917524,0.626446993264582,0.6861324789631991,0.5400152499563153,0.7060308095706327,0.7369864940911648,0.20037983786209063,0.7023319615912209,0.05101914251457395,0.3368296095306737,0.33530091470312545,0.0
0.22972972972972974,0.7059488188983484,0.23093557244562438,0.705674353173001,0.2894250413464345,0.25219747873571385,0.2468720898843897,0.2767034346305049,0.658896241506939,0.6631738612267639,0.7281139298819717,0.7342292144652027,0.7080988557493904,0.18046600819908915,0.6566626484321958,0.07549510067391574,0.542434391826006,0.4391059827402307,0.0
0.22972972972972974,0.8115930283496525,0.1721755624608449,0.8080880989926537,0.19593345656192235,0.2068522766488703,0.14682158868256442,0.19509978755590482,0.8285980767754998,0.8407652184680152,0.8443233626153676,0.7534688080410796,0.7727052460451447,0.030122740487151287,0.80855191143257,0.014925373134328356,0.30184423623182266,0.3410258896538349,0.0
0.22972972972972974,0.9198376812138315,0.064309350161905,0.9255453813670147,0.05778772254110323,0.06777166521183087,0.0772526312934378,0.07203336995621723,0.9071031799909092,0.8338208815077361,0.9716922685898556,0.9408472631923961,0.8846839242168448,0.010768219002956344,0.8773953527039948,0.027411419357506097,0.4547759358968924,0.17869436633375352,0.0
0.22972972972972974,0.5217850084717021,0.5078393729892247,0.4943995408918581,0.4710574958653565,0.4803597166115182,0.45490216845186043,0.513210705488492,0.5469914936571371,0.6159049048894116,0.4337182888278185,0.48980388943515796,0.4959044582004626,0.08428958641925986,0.5679566584916379,0.07785173853723075,0.4927968796370883,0.4794474611331975,0.0
0.22972972972972974,0.6914560443477854,0.29525674302890653,0.6718056052838064,0.3237669033952719,0.291158319969144,0.21973964111856933,0.2998452545917803,0.6888780009799117,0.5347397421411877,0.5456069006052326,0.7469791325248554,0.717556118301757,0.1802201584501632,0.5897036205678181,0.12581138628188698,0.34913299698986733,0.364220724651734,0.0
